<?xml version="1.0" encoding="UTF-8"?>
<metadata xml:lang="en"><Esri><CreaDate>20160426</CreaDate><CreaTime>13011300</CreaTime><ArcGISFormat>1.0</ArcGISFormat><ArcGISstyle>North American Profile of ISO19115 2003</ArcGISstyle><SyncOnce>FALSE</SyncOnce><DataProperties><itemProps><itemName Sync="TRUE">taai4dy30m.bmp</itemName><itemLocation><linkage Sync="TRUE">file://Y:\Documents\Journal articles\SEBAL paper\Data\Taaibosch4_Combine GIS\Taaibosch4\taai4dy30m.bmp</linkage><protocol Sync="TRUE">Local Area Network</protocol></itemLocation><imsContentType Sync="TRUE">002</imsContentType><nativeExtBox><westBL Sync="TRUE">-0.500000</westBL><eastBL Sync="TRUE">461.500000</eastBL><southBL Sync="TRUE">-0.500000</southBL><northBL Sync="TRUE">399.500000</northBL><exTypeCode Sync="TRUE">1</exTypeCode></nativeExtBox></itemProps><RasterProperties><General><PixelDepth Sync="TRUE">8</PixelDepth><HasColormap Sync="TRUE">FALSE</HasColormap><CompressionType Sync="TRUE">None</CompressionType><NumBands Sync="TRUE">3</NumBands><Format Sync="TRUE">BMP</Format><HasPyramids Sync="TRUE">FALSE</HasPyramids><SourceType Sync="TRUE">continuous</SourceType><PixelType Sync="TRUE">unsigned integer</PixelType><NoDataValue Sync="TRUE">-3.4028235e+038</NoDataValue></General></RasterProperties></DataProperties><SyncDate>20160426</SyncDate><SyncTime>13011300</SyncTime><ModDate>20160426</ModDate><ModTime>13011300</ModTime></Esri><dataIdInfo><envirDesc Sync="TRUE">Microsoft Windows 7 Version 6.1 (Build 7601) Service Pack 1; Esri ArcGIS 10.2.2.3552</envirDesc><dataLang><languageCode value="eng" Sync="TRUE"></languageCode><countryCode value="ZAF" Sync="TRUE"></countryCode></dataLang><idCitation><resTitle Sync="TRUE">taai4dy30m.bmp</resTitle><presForm><PresFormCd value="005" Sync="TRUE"></PresFormCd></presForm></idCitation><spatRpType><SpatRepTypCd value="002" Sync="TRUE"></SpatRepTypCd></spatRpType></dataIdInfo><mdLang><languageCode value="eng" Sync="TRUE"></languageCode><countryCode value="ZAF" Sync="TRUE"></countryCode></mdLang><mdChar><CharSetCd value="004" Sync="TRUE"></CharSetCd></mdChar><distInfo><distFormat><formatName Sync="TRUE">Raster Dataset</formatName></distFormat></distInfo><mdHrLv><ScopeCd value="005" Sync="TRUE"></ScopeCd></mdHrLv><mdHrLvName Sync="TRUE">dataset</mdHrLvName><spatRepInfo><Georect><cellGeo><CellGeoCd Sync="TRUE" value="002"></CellGeoCd></cellGeo><numDims Sync="TRUE">2</numDims><tranParaAv Sync="TRUE">1</tranParaAv><chkPtAv Sync="TRUE">0</chkPtAv><cornerPts><pos Sync="TRUE">-0.500000 -0.500000</pos></cornerPts><cornerPts><pos Sync="TRUE">-0.500000 399.500000</pos></cornerPts><cornerPts><pos Sync="TRUE">461.500000 399.500000</pos></cornerPts><cornerPts><pos Sync="TRUE">461.500000 -0.500000</pos></cornerPts><centerPt><pos Sync="TRUE">230.500000 199.500000</pos></centerPt><axisDimension type="002"><dimSize Sync="TRUE">462</dimSize><dimResol><value Sync="TRUE">1.000000</value></dimResol></axisDimension><axisDimension type="001"><dimSize Sync="TRUE">400</dimSize><dimResol><value Sync="TRUE">1.000000</value></dimResol></axisDimension><ptInPixel><PixOrientCd Sync="TRUE" value="001"></PixOrientCd></ptInPixel></Georect></spatRepInfo><contInfo><ImgDesc><contentTyp><ContentTypCd Sync="TRUE" value="001"></ContentTypCd></contentTyp><covDim><Band><dimDescrp Sync="TRUE">Band_1</dimDescrp><bitsPerVal Sync="TRUE">8</bitsPerVal></Band><Band><dimDescrp Sync="TRUE">Band_2</dimDescrp><bitsPerVal Sync="TRUE">8</bitsPerVal></Band><Band><dimDescrp Sync="TRUE">Band_3</dimDescrp><bitsPerVal Sync="TRUE">8</bitsPerVal></Band></covDim></ImgDesc></contInfo><mdDateSt Sync="TRUE">20160426</mdDateSt></metadata>
